Username,20170201-SUR1,20170205-LAB1,20170209-LAB2,20170210-HW1,20170216-LAB3,20170217-HW2,20170223-LAB4,20170224-HW3,20170301-SUR2,20170302-LAB5,20170303-HW4,20170309-LAB6,20170316-Midterm,20170317-LAB7,20170317-PROJ1,20170401-SUR3,20170406-LAB8,20170407-HW5,20170413-LAB9,20170420-LAB10,20170421-PROJ2,20170427-LAB11,20170428-HW6,20170501-SUR4,20170504-LAB12,20170511-LAB13,20170512-PROJ3,20170516-Final,LETTER,SecNo,TOTAL%
100,0,0,8,34,10,24,10,17,5,6,34,7.75,162,10,42,0,6,12,8,2,34,8,20,0,1.5,0,13,90,F,9,56.28
100,5,10,10,40,10,40,10,39,5,10,35,10,186,8,78,5,9.75,34,10,10,64,9.5,34,5,10,1.75,54,171,B,20,89.48
101,0,10,10,40,10,40,10,40,5,9.5,38,10,173,10,80,5,10,21,8,10,51,8,40,0,10,9.5,74,162,B,12,86.85
101,5,10,2,40,10,40,10,38,5,9.5,37,9.5,176,8,71,5,9,17.5,9,10,42,9.5,34,5,8,2,65,144,B,15,81.9
102,5,10,10,40,10,39,10,35,5,9,32,10,164,10,80,5,9,35,10,0,75,10,38,5,8,9.5,79,182,A,3,91.75
102,5,10,10,28,10,32,10,39,5,9.75,26,9,109,10,18,5,9,32,9.75,10,73,10,4,5,10,2,73,108,D,16,66.15
103,5,10,10,37,10,40,10,39,5,10,33,9.25,187,0,70,5,9,24,9,10,26,10,15,5,1.5,10,20,148,C,2,75.73
103,5,10,10,40,10,38,10,40,5,10,37,10,137,10,72,5,2,40,9.75,10,68,0,40,5,0,8,79,77,C,12,78.58
104,5,10,10,40,10,40,10,40,5,2,37,9.75,191,10,78,5,10,40,10,10,79,2,38,5,10,0,74,155,A,11,93.18
104,5,10,10,40,10,39,10,40,5,10,40,10,188,10,80,5,10,40,10,10,68,10,40,5,10,2,76,195,A,12,96.6
105,0,10,9.25,37,10,39,0,28,5,8,9,7.75,144,8,48,5,7.5,7,9.25,9.5,54,9.5,14,5,6,1.75,47.5,124,D,5,65.53
105,5,10,10,40,10,40,10,40,5,8,36,9.5,150,10,76,5,10,40,9.25,10,80,10,39,5,10,10,67,182,A,12,91
106,5,10,10,40,8,39,8,40,5,1.875,35,8,150,10,75,5,6,36,10,10,60,9,40,5,2,6,78,158,B,3,86
106,5,0,9.5,40,10,40,10,9,5,9,31,6,164.5,10,40,0,9.5,32,10,10,56,9.5,21,5,10,9.75,19,147,C,16,71.28
107,5,10,10,39,10,37,10,39,5,9.5,35,8.75,166,10,0,5,8,35,10,9.5,71,9.5,37,5,8,10,77,182,B,5,83.65
107,0,0,0,40,0,38,0,8,0,0,20.5,0,133,0,22,0,0,0,0,0,0,0,0,0,0,0,0,0,F,15,26.15
108,5,10,10,40,10,40,10,38,5,10,35,9.25,186,10,73,5,9,36,10,10,55,10,31,5,10,0,79,175,A,4,90.8
108,5,10,10,40,10,40,10,40,5,9.5,34,8,147,10,74,5,8,39,9.75,8,68,10,35,5,8,0,80,107,B,23,81.93
109,5,10,10,40,10,40,10,40,5,6,0,10,178,10,52,5,8,22,8,0,73,10,39,5,8,2,76,143,B,9,81.7
109,5,10,10,40,10,40,10,40,5,10,38,10,192,10,79,5,10,40,10,10,76,10,37,5,10,10,74,182,A,23,95.8
110,5,10,10,40,10,38,10,35,5,8,24,2,134,10,30,5,6.75,35,8,8,33,9.5,0,0,9.5,9,24,113,D,12,61.5
110,5,10,10,40,10,40,10,40,5,10,40,10,194,10,80,5,10,40,10,10,80,9.5,40,5,10,10,79,198,A,12,99.1
111,5,10,10,0,10,39,10,38,5,10,31.5,10,188,10,77,5,10,32,10,10,76,9,38,5,8,10,79,179,B,5,89.75
111,5,5,10,37,10,40,10,33,5,8,32,8,159,6,57,0,9.5,40,9.5,10,44,9.5,28,0,10,10,6,157,C,18,73.95
112,5,10,10,37,10,40,10,38,5,10,37,9.5,189,10,79,5,10,40,10,10,76,10,40,5,8,0,79,187,A,3,96.2
112,5,10,10,38,10,36,10,39,5,10,29,10,170,10,68,5,8,21,10,10,52,10,31,5,0,2,70,122,C,16,79.6
113,5,10,10,40,8,37,2,40,5,9.625,39,8,160,10,72,0,8,32,10,8,78,9,39,5,2,8,56,150,B,12,84.86
113,5,10,10,0,7.75,20,10,9,0,6,0,7.5,104,0,5,0,6,0,6,6,0,0,0,0,0,0,0,46,F,10,25.83
114,0,10,10,39.5,9.75,40,10,38.5,0,10,35,9.5,168,10,58,5,8.75,30,10,8.5,62,10,36,0,9.5,9.25,31,147,C,11,78.88
114,5,10,10,35,10,37,10,36,5,8,31,10,183,10,77,5,9,37,10,8,69,9.5,22,5,9.5,10,57,138,B,23,84.1
115,5,10,8,40,10,40,2,40,5,10,37,10,185,10,76,5,8,40,10,8,39,10,36,5,8,10,48,168,B,12,86.5
115,5,10,8,39,10,0,10,40,5,9.5,13,10,191,8,78,5,8,17,0,2,0,8,24,5,2,0,36,132,D,15,67.35
116,0,10,10,40,9.75,38,10,29,5,10,37,9.5,157,0,45,0,8,0,8,8,48,8,0,0,8,8,20,115,D,21,62.53
116,5,5,10,34.5,10,40,9.71429,39,5,10,37.5,10,183,10,77,5,9.5,38,8,9.5,79,2,32,5,10,10,73,164,A,22,91.57
117,5,5,8,39.5,10,39,10,0,5,0,32,8.5,152,0,49.5,5,8,0,8,8,63,8,38,5,9.5,7.5,78,172,C,9,76.85
117,5,10,10,39,10,39,10,33,5,9.75,22.5,10,170,10,70,5,8,40,10,10,70,8,39,5,10,10,73,174,B,10,88.95
118,5,10,10,40,10,40,10,38,5,9.5,37,10,176,8,74,5,10,40,10,10,79,10,40,5,10,10,71,183,A,18,93.8
118,0,10,10,39,10,39.5,10,38,5,9.5,36.5,8,171,10,72,5,9.25,36,8,10,71,10,36,5,2,2,70,152,B,22,87.28
119,5,10,10,40,10,29,10,29,5,9.5,21,10,177,10,29,5,8.875,19,9.125,9,34,9,11,5,8,9.5,18,167,D,4,69.11
119,5,10,10,36,2,39,8,36,5,8,28,9.375,162,8,56,0,10,28,9.5,1.5,73,8,17,5,10,1.5,38,160,C,9,77.89
120,5,10,10,40,10,37,10,39,5,10,34.5,9.5,155,10,68.5,5,10,36,10,10,73,10,39,5,1.5,2,53,167,B,5,86.2
120,5,10,10,40,10,40,10,39,5,10,37,9,175,10,79,5,9.5,35,10,9,63,9.5,38,5,9.5,9.25,71,180,A,2,91.55
121,5,10,10,40,10,40,10,40,5,8.5,38,9.5,152,10,80,5,8,37,10,2,63,10,33,0,0,8,71,175,B,3,88
121,5,10,10,40,10,39,10,40,5,10,38,9,187,10,80,5,10,38,10,10,78,10,40,5,8,10,80,177,A,11,95.7
122,5,10,10,36,8,37,10,39,5,10,34,1.25,172,10,63,5,8,30,8,10,65.5,10,31,0,9.5,0,70,161,B,3,84.9
122,5,0,8,38,10,40,10,40,5,9,38.5,8,180,10,56,0,8,33,9,0,29,8,23,5,10,8,34,179,C,23,79.55
123,5,10,10,40,10,39,10,40,5,9.75,35,8,127,10,69,5,7.75,22,8,10,58,10,40,5,9.5,10,61,94,C,12,74.43
123,5,5,8,39,9.75,0,10,33,5,1.5,38,10,181,10,75,5,8,40,8,9.5,72,8,22,5,8,0,54,144,B,21,80.73
124,5,10,10,40,10,40,10,40,5,10,36,8.25,181,8,76,5,9,37,10,10,77,10,39,0,9.5,9.75,78,178,A,18,93.63
124,5,10,10,40,10,40,10,40,5,10,40,10,198,10,80,5,10,40,0,10,80,9.5,40,5,10,0,80,181,A,21,97.9
125,5,10,10,39,10,40,8,39,5,10,36,9.75,179,10,70,5,10,37,10,7,69,10,36,5,10,8,33,168,B,16,86.58
125,0,5,10,30,2,14,10,0,0,1.5,20,1.75,85,0,41,0,0,0,0,0,0,0,0,0,0,0,0,0,F,23,22.03
126,0,5,10,40,10,38,8,40,0,2,30,9.25,160,10,68,0,8,0,8,8,55,8,0,0,8,8,12,134,D,11,66.43
126,0,5,8,35,10,0,8,33.5,5,1.75,0,2,169,0,58,5,8,13,8,10,52.5,10,0,5,10,10,22,161,D,15,64.6
127,5,10,10,40,10,40,10,39.5,5,10,35.5,9.5,195,10,77,5,10,39,10,9.5,80,10,38,5,10,2,58,163,A,3,92.5
127,5,10,10,39,10,40,10,40,5,10,32,2,180,10,1,5,10,31,8,10,76,9.5,35,5,10,10,61,175,B,16,83
128,5,10,8,40,9.75,37,10,40,5,10,36,9,190,10,76,5,9.25,30,8,9.5,80,10,9,5,8,10,42,151,B,12,84.85
128,5,10,10,40,10,40,10,40,5,10,36,10,189,8,73,5,10,34,10,8,60,10,39,5,10,10,71,187,A,18,92.9
129,0,10,10,40,10,40,2,26,5,8,35,9.75,176,10,56.5,5,10,29,2,8,72,10,24.5,5,10,10,73,180,B,15,86.48
129,5,10,9.75,36,2,37,10,39,5,10,0,10,161,10,48,0,10,30,2,8,76,10,38,5,10,8,71,183,B,23,83.18
130,5,10,10,40,10,40,8,33,5,8,0,8,180,10,68,0,9.5,17,8,9,7,8,14,0,0,0,0,127,D,9,62.65
130,5,10,9.25,40,9,37,8,33,5,8,28,8.5,118,10,68,5,10,40,10,10,40,9.5,36,5,9.5,10,45,123,C,16,72.53
131,0,10,10,40,10,40,10,29,5,8,16,8,169,10,73,0,8,23,9.75,8,23,9,5,0,9,8,27,149,D,11,69.28
131,5,10,8,40,8,24,10,23,5,7,24,8,156,8,19,5,8.75,14,9.5,8,15,9,13,0,10,7.25,7,103,F,11,54.23
132,5,0,8,40,10,40,10,40,0,10,36.5,10,189,10,78,5,10,40,10,8,71,9.5,38,5,10,10,76,174,A,10,93.7
132,5,10,0,39,10,0,10,36,5,10,31,2,134,10,9,5,8.5,25,8,9,4,7,0,5,2,0,0,87,F,15,46.95
133,5,10,10,40,10,40,10,40,5,10,39,10,191,10,80,5,10,38,10,10,78,10,40,5,0,8,77,186,A,4,96.9
133,5,10,10,38,10,40,10,40,5,9.25,35,6,170,8,50,0,1.75,40,8.75,10,54,9,39,5,10,10,79,128,B,18,82.5
134,5,10,10,40,10,40,10,40,5,10,40,10,200,0,80,5,8,27,10,0,80,10,40,5,10,10,80,199,A,2,98.6
134,5,10,10,40,10,39,10,40,5,10,40,10,166,8,46,5,8,15,8,2,36,10,36,5,9.5,10,24,170,C,21,76.95
135,5,10,10,40,10,31,10,25,5,7.5,37,8,160,10,32,5,7.5,29,9.5,10,47,10,31,5,9.5,10,33,145,C,4,72.9
135,5,10,10,39,10,40,10,37,5,8,37,7.75,134,10,43,5,2,0,8,10,35,0,36,0,10,0,23,104,D,23,63.68
136,5,10,10,0,6,0,0,36,5,10,34.5,9.25,190,10,70,5,8,36,6,10,79,10,35,5,10,8,78,176,B,5,84.98
136,5,5,8,0,8,0,8,0,5,8,0,9.75,162,10,71,0,8,0,0,0,37,0,0,0,0,0,0,0,F,21,34.48
137,0,10,10,40,2,39,10,40,5,9.75,40,9,148,10,77,5,10,34,8,10,77,10,36,5,9.5,9,74,119,B,21,83.73
137,5,10,10,38.5,9,40,10,39,5,8,18,8,174,10,73,5,8,36,8,10,61,9.5,33,5,10,8,47,161,B,22,83.5
138,5,10,10,40,10,35,10,37,5,7.5,32.5,6.75,141,10,76,5,9.75,34,9.5,8,60,9.5,37,5,8,10,56,136,B,5,80.13
138,0,0,10,40,2,40,9.35714,0,5,1,9,7.25,165,8,38,0,10,27,0,10,19,8,0,5,0,0,0,120,F,18,53.36
139,0,10,10,40,10,38,10,36,5,8,35,10,184,10,70,5,0,36,10,10,74,8,40,5,2,10,78,168,A,3,91.2
139,5,10,10,0,7.75,40,10,40,5,10,35,10,178,10,70,5,9.5,38,10,0,78,10,39,5,10,0,76,163,B,22,87.65
140,5,10,8,40,10,38,10,17,5,0,27,8,165,10,55,5,1.25,23,10,1.5,46,1,29,5,9.5,9.5,28,135,C,10,70.95
140,0,0,8,0,10,33,8,0,5,7.5,0,7.25,141,0,0,0,1,0,0,0,0,0.5,0,0,0,0,0,82,F,10,30.33
141,5,10,10,40,10,40,10,38,5,10,36,8.875,170.5,10,80,5,10,39,10,10,73,10,40,5,8,10,71,150,B,4,89.75
141,0,0,10,15,1.75,22,6,21,0,6.5,0,8.625,91,0,0,0,0,0,0,0,0,0,0,0,0,0,0,0,F,18,18.19
142,5,10,10,40,8,34,9,20,5,6,28,8.25,169,10,47.5,5,8.75,20,9.5,8,44,10,0,5,10,8,26,124,D,3,66.6
142,5,0,10,40,10,39,10,33,5,9,28.5,9.375,179,0,56,5,9.5,25,10,10,47,9.5,25,5,9.5,2,46,145,C,23,78.04
143,5,10,10,40,10,40,10,38,5,9,37,10,190,10,80,5,10,40,10,10,80,10,40,5,10,9.5,72,180,A,4,95.7
143,5,10,10,40,10,39,10,40,5,10,35,0,156,10,62,5,10,33,10,10,68,10,40,5,0,0,43,140,B,3,81.6
144,5,10,8,40,10,31,9,36,5,8.5,27,6.75,163,10,62,5,7,22,10,9.5,71,9,38,5,10,8,57.5,136,C,5,79.75
144,5,10,9.5,40,10,37,9.85714,22,5,9.625,0,9.125,114,0,4,5,10,5,9.625,10,60,10,40,0,1.5,0,60,71,F,12,56.57
145,5,10,10,40,10,40,10,40,5,9,37,10,184,10,74,5,10,35,10,9.5,74,10,38,5,9.5,8,72,180,A,5,93.35
145,5,10,10,39,10,38,10,39,5,8,29.5,1.125,149,10,24,5,0,29,9.75,9.5,50,8,33,5,10,2,49,150,C,10,74.48
146,0,10,10,40,10,40,10,40,0,10,36.5,10,194,10,80,5,2,36,8,8,73,2,39,5,8,10,79,169,A,9,93.25
146,5,10,10,40,10,37.5,9.5,32.5,5,10,32,10,171,10,47,5,8,34,9.5,9.5,72,2,37,5,0,0,56,151,B,9,82.65
147,5,5,10,0,9,40,8,34,5,2,36,8,143,0,58,5,8,39,8,9.5,65,10,36,5,8.5,9.25,57,128,C,11,74.43
147,5,10,10,40,10,0,10,36,5,7.25,33,9.25,168,10,61,5,10,32,10,10,31,9.5,37,5,10,9.75,41,147,C,11,74.58
148,5,10,10,39,8,37,10,39,5,9.125,26,10,138,10,54,5,10,31,9.75,8,68,9,12,5,10,8,67,102,C,3,73.09
148,5,10,8,40,10,28,10,39,5,10,29.5,7.5,104,10,69,5,9,25,10,10,41,2,33.5,5,10,0,45,104,D,9,67.5
149,5,10,8,39,10,33,10,40,5,9.25,40,6,145,10,30,5,9.25,19,9.25,10,27,10,16,5,8,8,21,116,D,4,64.18
149,5,10,10,40,10,40,10,35,5,10,36,9.5,180,10,69,5,10,34,10,10,80,10,38,5,10,10,76,174,A,16,92.2
150,5,10,10,40,10,40,10,40,5,8,36,9.375,179,10,75,0,10,40,8,0,65,8,40,5,10,8,60,141,B,4,86.64
150,0,10,8,26,10,39,10,0,0,1.25,23,7.5,146,8,54,0,8,23,8,9.5,53,9.5,37,0,10,10,62,126,D,10,68.2
151,5,5,9.875,36.5,10,40,10,38,0,0.5,20,7.25,128,0,66,0,1.5,25,1.75,0,0,0,0,0,0,0,0,0,F,5,40.44
151,5,8,10,40,10,38,10,39,5,8,29,8,169,10,70,5,10,24,9.5,9,60,10,38,5,8,9.5,76,148,B,20,84.7
152,5,10,10,40,10,40,10,31,5,8,21,7.75,164,0,60,5,8,6,6,8,45,8,22,5,8,7.5,44,125,C,5,70.58
152,5,10,10,40,10,40,10,40,5,10,31.5,10,193,10,80,5,10,39.5,10,10,80,10,40,5,10,8,80,196,A,22,98
153,5,0,8,40,10,40,10,40,5,9,37,10,186,10,63,5,9.25,12,8,9.5,52,0,27,5,0,8,45,130,C,21,78.38
153,5,10,10,38,7.875,39,9.42857,39,5,7,35,6,137,0,67,5,9.25,26,8,9.5,49,1,29,5,0,10,41,126,C,20,73.31
154,5,10,10,40,10,39,10,40,5,9.75,35.5,10,166,0,76,5,10,29,10,10,68,10,27,5,2,1.5,61.5,163,B,5,86.48
154,0,8,0,40,10,0,10,39,0,0,39,10,159,0,0,0,8,0,0,8,0,8,0,0,0,0,0,0,F,20,33.9
155,5,10,10,40,10,40,10,40,5,10,34.5,9.25,188,10,80,5,10,38,10,9.5,80,10,39,5,10,2,79,181,A,10,95.95
155,5,10,10,40,10,40,9.5,40,5,10,34,10,189,10,74,5,2,39,2,1.5,68,8,37,5,10,10,74,193,A,16,94.55
156,5,10,10,39,10,37,9.5,40,5,9.75,35,9.5,162,10,80,5,10,38,8.625,9,71,9.5,40,5,2,0,71,113,B,4,84.33
156,5,10,10,40,10,40,10,37,5,10,35,9.5,189,10,59.5,5,10,33,10,10,39,10,11,5,9.5,10,29,137,C,15,76.95
157,5,10,10,40,10,40,10,39,5,10,39,10,166,0,77,5,10,38,10,9.5,76,10,25,5,2,2,71,131,B,2,86.15
157,5,10,8,40,7,32,8,30,5,7,34,8,116,10,72,5,8.75,26,7.25,8,69,7.5,4,5,9.5,6,68,125,C,5,72.1
158,5,10,10,40,10,40,10,40,5,10,40,10,191,10,80,5,10,40,10,8,80,10,40,5,10,10,80,198,A,12,98.9
158,5,5,10,40,9.5,39,8,36,0,8,31,9.5,150,10,61,5,9,12,8,8,60,1.5,21,5,8,0,25,163,C,15,74.1
159,5,10,10,40,10,40,10,40,5,10,40,10,136,10,80,5,10,40,10,10,79,10,33,5,10,1.5,80,168,B,2,89.6
159,5,10,10,38,10,38,10,33,5,7.5,33,7.75,141,10,68,5,2,38,10,10,55,10,35,5,9.5,10,41,165,B,11,80.45
160,5,10,10,40,10,40,10,39,5,10,39,10,191,10,79,5,8,39,10,10,80,10,40,5,10,10,80,197,A,2,98.4
160,5,10,10,40,10,40,10,40,5,10,33.5,10,168,10,72.5,5,10,37,10,10,59,10,27,5,10,7.5,67.5,159,B,15,86.35
161,5,10,10,40,10,40,10,40,5,10,33,2,144,10,78,5,8.75,20,9.5,10,76,10,40,5,9,2,69,98,C,12,79.65
161,5,10,6,26,8.5,37,7,40,5,8.25,0,7.75,147,10,40.5,5,8.75,19,9.25,10,35,10,29,0,8,6,0,0,F,22,47.9
162,5,10,10,40,10,39,10,40,5,10,36.5,10,194,8,77,5,10,40,10,10,67,10,26,5,2,2,68,198,A,5,94.55
162,5,10,10,40,10,40,10,40,5,8,31.5,9.5,186,10,80,5,10,35,10,10,68,10,38,5,10,10,75,180,A,2,93.35
163,0,10,10,39,10,38.5,10,40,5,10,35.5,10,184,10,78,5,9.5,38,10,10,74,9.5,38,5,10,10,76,181,A,9,93.7
163,5,10,10,40,10,40,9.5,35,5,10,38,9.75,148,0,41,0,10,18,8,9,0,9.5,21,0,0,0,0,93,F,11,57.98
164,5,10,10,40,10,40,10,40,5,10,39,10,183,10,71.5,5,9.75,39,10,10,56,10,40,5,10,9.5,78,167,A,15,91.35
164,5,10,10,40,10,40,10,37,5,10,34,8,173,10,78,5,8.75,33,8,8,66,0,40,0,8,0,21,165,B,22,83.48
165,5,10,10,40,10,40,2,40,5,10,35,10,182,10,62,5,10,38,10,10,74,9.5,38,5,9.5,2,49,170,B,21,88.75
165,5,10,0,0,9.75,40,9.5,39,5,6.75,34,0,139,0,78,5,9.75,31,9.75,10,62,9.5,37,5,10,10,70,139,C,20,78.4
166,5,10,10,40,10,39,10,40,5,2,38,10,159,8,75,0,1.25,40,1.25,10,79,9.5,40,5,2,9.25,58,134,B,18,84.58
166,5,10,10,39,10,40,10,38.5,5,9.5,33.5,9.25,164,0,58,5,8,31.5,9.75,1,69,10,36,0,8,1.5,67,141,B,22,82.7
167,5,10,10,39,10,37,10,40,5,10,37,10,179,10,80,5,10,40,10,10,72,10,37,5,10,9.75,65,149,B,4,89.5
167,5,10,10,40,10,40,10,39,5,10,36,8,176,10,70,5,10,32,9,10,62,8,36,5,8,9.75,46,173,B,2,86.88
168,5,10,10,40,10,39,10,19,5,7,18.5,0,140,10,29,5,7,15,8,8,38,9.5,16,5,8,0,27,114,D,10,60.6
168,5,10,10,38,10,40,8,40,5,9.875,27,8,154,10,76,5,8,21,10,10,77,10,36,5,8,9.5,80,180,B,23,88.64
169,5,10,10,40,10,38,10,31,5,8,29,7.25,136,10,55,5,9,32,8.5,10,31,10,15,5,8,9.75,15,136,D,10,67.53
169,5,5,10,39,10,40,10,37,5,8,36,8,165,8,57,5,9.5,18,9,9.5,48,9.5,31,0,8,8,40,147,C,16,76.45
170,5,10,10,40,8,0,10,0,5,8,32,6,174,10,70,5,10,38,9,8,74,9,40,5,8,9.75,76,157,B,16,81.48
170,0,10,10,40,8,0,0,38,0,0,32,8,166,10,0,5,8,31,8,8,65,8,12,0,8,8,58,161,D,20,69.4
171,5,10,10,40,9.75,40,10,40,5,10,39,9.5,196,10,80,5,10,38,10,10,80,10,40,5,8,10,80,193,A,2,98.6
171,0,10,10,37,8.5,39,8,32,5,8,24.5,8.5,116,0,45,5,7,23,7,8.5,41,9,36,5,9,7,22,119,D,5,63.6
172,0,5,0,40,10,39,10,33,5,7.5,25,0.75,158,0,53,0,7.5,25,10,8,33,2,0,0,2,0,42,124,D,16,63.98
172,5,10,10,40,10,40,8,31,5,7,29.5,8,165,10,64,5,7.5,22,9.75,8,50,10,25,0,8,6.625,7,148,C,22,72.83
173,5,10,10,40,10,39,9,36,5,9,39,10,129,8,66,5,10,37,8.75,10,43,9,37,5,10,10,40,110,C,18,73.4
173,5,10,10,40,10,40,10,17,5,10,31,1.5,144,0,27,0,1.25,5,2,7,0,0,0,0,0,0,0,44,F,15,41.98
174,5,10,10,40,10,39,10,40,5,8,38.5,10,183,10,80,5,8,38,10,9.5,80,10,35,5,2,8,58,183,A,3,93.2
174,5,5,10,0,7.25,36,10,39,5,10,24,8,157,10,45,5,6,4,9.125,7.5,11.5,6,30,0,10,7.75,10.5,90,F,15,55.16
175,5,0,8,40,10,40,10,40,5,10,33.5,9.375,145,10,76,5,10,37,10,0,34,10,39.5,0,0,1.25,0,0,F,9,58.86
175,5,10,10,40,10,40,10,39,5,10,35,10,148,10,79,5,1.5,38.5,0,9.5,63,10,30,5,10,2,54.5,152,B,15,83.85
176,5,10,10,40,10,39,10,39,5,8,31.5,7.75,171,10,53,5,10,29,9.5,8,45,10,38.5,5,10,8,70,157,B,9,83.05
176,5,10,10,38,10,39,9.5,40,5,10,35,10,174,8,64,5,9.5,34,8,10,76,1.5,39,5,9.5,10,80,171,A,23,90.85
177,0,5,8,40,8,36,10,38,0,10,33,10,132,10,38,5,9,37,10,9,44,9.5,38,0,10,10,53,75,D,3,66.65
177,5,10,10,40,10,40,10,40,5,10,37,10,195,10,78,5,9.5,40,10,10,76,10,40,5,10,10,56,196,A,21,95.8
178,5,5,10,0,8,40,10,0,5,10,33,8,180,10,75,0,9,40,8,10,80,9.5,38,5,8,0,75,151,B,9,81.95
178,0,10,10,40,10,40,10,40,5,10,37,10,175,10,68,5,10,40,10,10,78,9.5,40,5,10,10,68,138,B,12,87.9
179,0,10,10,40,10,40,10,19.5,5,1.25,32,0,117,0,53,5,7.75,27,9.5,8,43,10,29,5,7.5,7.5,27,112,D,3,64.48
179,5,10,10,40,9.75,40,10,40,5,10,31,10,162,10,55,5,9.5,40,9.75,10,79,8,40,5,10,10,76,168,B,11,89.08
180,5,10,10,40,10,40,9.5,40,5,9,30,9.75,181,10,59,5,10,20,1.625,8,45,8,34,0,8,10,74,162,B,16,83.63
180,0,10,10,39,10,0,8,40,5,10,0,9.5,171,10,56,5,2,34.5,10,10,73,10,40,5,10,9.5,76,185,B,15,82.9
181,0,0,8,0,8.75,0,8,20,0,0,0,0,0,0,0,0,0,0,0,0,0,0,0,0,0,0,0,0,F,5,4.48
181,5,10,10,40,10,40,10,40,5,9.5,35,10,174,10,80,5,10,40,10,10,69,10,33,5,9.5,2,78,164,A,4,91.3
182,5,10,10,0,10,39,10,37,5,10,32,10,164,10,80,5,10,36,10,10,74,10,40,5,9.5,1.5,78,141,B,3,84.1
182,0,10,8,0,10,40,10,40,0,10,37,10,186,10,80,5,8,40,8,0,48,8,39,5,8,8,75,191,B,9,87.8
183,0,0,7.125,39,10,38,0,0,5,0.25,21,6.625,128.5,8,50,5,8,18,8,9.5,29,2,26,5,8,10,29,158,D,18,62.88
183,5,10,10,40,10,40,10,38,5,10,32,10,144,0,80,5,10,33,10,10,77,10,34,5,10,2,70,161,B,21,86.9
184,5,10,10,40,10,40,10,40,5,7.25,36,9.75,171,8,58,5,9.5,34,9.875,10,47,10,31,5,9.5,10,65,148,B,4,82.91
184,0,10,10,40,10,40,9,30,5,8,0,1.75,156,8,48,5,6,9,8,8,37,9.5,0,0,8,10,10,128,F,10,59.85
185,0,10,8,40,9.875,37,10,0,0,0,35,8,180,10,62.5,0,8,29,0,8,46,8,25,5,0,0,35,165,C,15,73.94
185,5,8,10,0,8,40,10,30,5,10,32,10,168,5,64,5,9.75,22,10,9.5,22,10,20,0,10,7.75,32,144,D,20,68.63
186,5,10,10,40,10,39,8,27,5,6,25,7.25,166,8,55,5,6,10,7.5,9.5,36.5,6,5,5,8.5,8.75,61,150,C,5,72.2
186,0,10,8,40,10,40,10,40,0,8,40,10,165,10,70,0,10,40,8,8,80,8,0,0,8,0,57,155,B,12,81.9
187,5,10,10,40,10,40,10,40,5,10,37.5,10,184,10,79,5,10,38,10,10,51,10,39,5,10,1.5,67,164,B,2,89.95
187,5,10,10,40,9.125,34,10,12,5,7.75,19,8,97,0,5,5,0,0,6.75,6,11,2,0,5,8,1.25,0,43,F,20,35.86
188,5,10,8,40,10,40,10,40,5,10,35,9.75,168,10,66,5,9.75,36,10,9,70,9.5,32,5,0.5,8,64,159,B,12,86.8
188,0,10,10,39,10,39,8,34,5,8,26,10,130,10,57,0,10,34,9.25,10,69,9.5,36,5,10,9,69,147,C,11,78.88
189,5,10,10,0,10,40,8,33,5,8,33,10,154,0,62,0,8,0,8,9.5,23,8,11,5,10,8,38,144,D,11,64.45
189,0,10,10,40,6,31,10,39,5,8.75,32.5,8,160,10,50,0,10,11,0,10,60,10,20,5,10,0,65,168,C,22,78.33
190,5,10,10,40,10,40,10,40,5,10,39,9.75,179,10,80,5,9.5,38,10,9.5,80,9.5,40,5,2,0,77,149,A,4,92.08
190,5,10,8,40,10,40,10,40,5,9,32,8.5,158,10,73,0,10,39,10,10,52,8,40,5,10,8,61,168,B,20,85.55
191,0,10,10,40,10,38,10,23,5,7.125,27,9.625,131,10,17,5,7,0,9.625,10,29,9,22,5,9.5,9.5,17,79,F,4,53.63
191,5,10,10,0,2,0,8,40,5,10,39,10,180,10,70,5,9.75,40,10,10,71,8,40,0,9.5,0,75,183,B,21,85.03
192,0,10,8,40,10,36,8,0,0,10,36,8,181,10,5,5,8,18,8,8,76,8,17,0,10,0,70,178,C,2,75.2
192,5,10,10,40,10,40,10,30,5,8,40,1.25,148,8,21,5,6,14,9.625,10,58,9,39,5,2,0.5,58,159,C,9,75.76
193,5,10,8,40,10,40,10,40,5,10,36.5,10,169,10,78,0,8.75,37,8,10,72,9.5,34,5,10,0,58,178,B,9,89.58
193,5,8,10,35,8,35,8,33,5,8,23,7.75,136,10,48,5,8,13,6,8,75,9.5,38,5,10,8,78,91,C,20,71.25
194,5,10,10,40,10,40,9,40,5,9.5,33.5,9.125,174,10,77,5,10,28,9.25,10,36,9.5,37,5,9.5,10,64,167,B,2,85.5
194,0,10,10,40,10,38,7.85714,9,5,7.25,19,8.25,101,0,67,5,8,15,9.5,9,43,1.5,16,5,9.5,9.625,18,59,F,16,53.17
195,5,10,10,40,10,40,10,38,5,2,39,9.875,173,10,80,5,10,40,9.5,2,79,10,39,5,10,0,77,167,A,21,93.14
195,5,10,10,40,10,37,2,39,5,9.75,29.5,9.5,184,10,60,5,10,37,8,8,78,2,39,5,7.5,10,76,147,B,22,88.18
196,5,10,10,37,10,40,10,40,5,10,36,10,184,10,79,5,8,40,8,10,67,10,38,5,10,7.625,76,175,A,3,93.2
196,5,10,10,40,10,26,10,33,5,9,19,8.5,142,10,64,5,7.5,13,9.875,10,41,1.5,11,5,10,8,34,127,D,10,66.74
197,5,10,8,40,10,40,10,40,5,10,33.5,10,193,10,79,5,10,40,10,9.5,78,9.5,38,5,10,10,72,163,A,10,93.65
197,5,10,10,24,9.5,40,10,39,5,8,30,9.5,148,10,46,5,8,28,8.75,10,16,10,23,5,8,10,12,137,D,11,66.08
198,5,10,10,40,10,40,10,40,5,10,32.5,10,159,10,80,5,10,37,9.75,10,73.5,9.5,26,5,10,8.75,79,142,B,5,86.9
198,0,10,10,40,10,40,8,40,5,10,39,10,180,10,67,5,10,35,8,8,78,10,40,5,10,9.25,80,163,A,2,91.63
199,5,10,9.75,40,10,40,10,29,5,10,36,8,186,10,80,0,8,36,8.75,10,78,10,39,5,0,0,79,144,B,4,89.85
199,0,10,8,32.5,10,15,10,27.5,5,1.125,0,7.5,55,0,0,0,6.625,2,8.125,0,0,0,0,0,0,0,0,0,F,22,19.84
200,5,10,8,40,10,40,10,34,5,10,31,10,156,10,71,5,9,28,8,9.5,69,10,26,5,9.5,10,78,153,B,3,84.5
200,5,10,10,0,10,40,2,33,5,8,0,2,176,10,50,0,10,4,8,2,25,0,20,0,8,8.75,6,0,F,10,44.88
201,5,10,6,38,10,31.5,10,0,5,10,18.5,7.75,168,0,59,5,0,4,8,10,48,2,13.5,0,10,8,23,143,D,22,65.13
201,5,0,8,39,10,39,10,39,5,10,37,10,173,10,80,5,9,36,10,10,80,10,36,5,9.5,10,78,166,A,20,92.25
202,5,10,10,40,10,39,10,40,5,8,33,10,152,10,80,5,9.25,40,8.75,10,75,10,40,5,2,0.75,73,147,B,4,87.7
202,5,10,10,40,10,39,8,40,5,9.875,37,10,163,10,80,5,10,34,10,10,32,10,40,5,10,9.5,80,170,B,4,87.5
203,5,8,10,40,10,40,10,39,5,10,36,10,158,10,66,5,10,38,10,8,78,10,39,5,10,0,80,153,B,20,88.7
203,0,0,8,40,8,0,8,39,0,2,0,10,179,10,68,5,8,0,0,0,0,8,0,0,8,0,0,0,F,23,40.1
204,5,10,10,40,10,39,10,38,5,9.5,38,10,186,10,65,5,8.75,35,9.75,10,78,2,38,0,2,1.5,70,175,A,21,91.5
204,5,10,10,40,10,40,10,39,5,10,33,9.75,173,10,79,5,10,38,10,9,59,10,39,0,8,10,57,175,B,20,88.7
205,5,10,10,40,10,40,8,39,5,8,18.5,10,172,10,71,5,8,18,10,8,60,2,13,5,0,8,79,176,B,22,83.85
205,5,10,10,40,10,39,10,40,5,10,39,8,174,10,77,5,10,36,8.625,10,79,9.5,39,5,8,10,79,174,A,20,93.55
206,5,10,10,40,2,40,8,0,5,8,24.5,2,187,10,68,5,8,0,10,8,52,10,13,5,10,10,0,163,C,10,70.15
206,5,10,10,40,10,40,10,40,5,10,37,9.75,177,10,68,0,9.5,40,10,10,80,10,40,5,10,1.5,55,153,B,12,88.5
207,0,5,10,38,10,0,8,20,0,6,15,7,117,8,41,0,9,11,9.75,1.5,21,8,2,0,8,8,8,95,F,23,45.38
207,5,10,10,40,10,40,10,40,5,10,38,10,172,10,72,5,8,38,9.5,10,80,10,40,5,8,10,70,162,A,21,91.2
208,0,8,8,40,8,0,8,39,0,8,25,10,173,10,65,0,8,32,0,8,66,8,28,5,1.5,2,39,171,C,20,76.7
208,5,10,10,40,10,39,10,40,5,10,34,9.875,189,10,76,5,10,40,10,10,79,9.5,40,5,10,8,79,166,A,23,94.2
209,0,10,10,40,10,40,2,40,5,1.25,34,0,170,8,55,0,9.75,38,1.5,0,62,0,18,0,0,0,65,125,C,21,74.45
210,0,5,8,0,9.25,32,8,23,5,9.5,23,7.75,122,10,45,5,8,0,8,8,23,8,29,0,8,0,5,93,F,23,48.98
211,0,10,10,40,10,36,10,0,0,9.5,35,9.25,180,10,44,5,9,17,10,10,31,9.5,28,0,8,9.75,41,139,D,4,69.48
212,0,10,10,37,10,40,9.5,36,0,9.75,35,9.25,151,8,44,5,9.25,14,8,8,48,8,31,5,10,10,25,134,C,21,70.08
213,5,10,10,40,10,40,10,30.5,5,9.75,36,10,168,10,72,5,2,38,10,10,62,9.5,30,5,2,1.25,46,163,B,4,84.48
214,5,10,10,40,10,31,10,40,5,10,40,10,176,10,80,5,9.5,40,10,10,72,9.5,40,5,2,8,80,188,A,2,94.65
215,5,10,8,40,10,40,10,40,5,9.5,34.5,10,196,10,74,5,10,35,9.5,10,74,10,38,5,10,9.5,79,193,A,3,96.3
216,0,10,8,0,10,39,10,32.5,5,10,19,1.75,157,0,64.5,0,10,6,8,0,59,8,11,0,8,0,0,57,F,11,53.38
217,5,10,10,40,10,39,10,39,5,9.5,35,9.75,171,10,77,5,8,34,8,9.5,61,8,40,5,8,0,77,163,B,21,89.08
218,5,10,10,39,1.25,0,10,39,5,10,35,8,179,0,71,5,8,17,10,10,61,9.5,23,5,10,2,68,173,B,23,82.05
219,5,10,8,40,10,40,10,39,5,8,33.5,10,174,10,71,5,9.5,0,9.5,10,63,8,35,5,8,10,77,180,B,11,86.95
220,5,10,8,40,10,40,10,39,5,8,40,9.5,159,10,80,5,10,33,9.5,16,71,9,37,0,8,8,79,121,B,21,85.6
221,0,5,8,35,10,40,10,19,0,1.5,21,0.625,140,0,31,0,1.75,17,1.125,0,0,0,0,0,0,0,0,0,F,3,34.1
222,5,10,10,40,10,19,9,12,0,7.5,27,8,167,10,68,0,6,26,7.75,10,51,8,0,5,6,10,50,129,D,5,69.18
223,5,5,10,32,10,38,10,39,5,9.75,24,9.5,148,10,77,5,10,27,8.875,9,72,10,34,5,8,1.75,72,142,B,21,82.21
224,5,10,2,40,10,40,9.5,22.5,5,7.5,27.5,7.75,156,8,23,5,7.25,13,10,10,21,1.5,20,5,8,6,20,92,F,22,58.3
225,5,10,9.625,40,10,40,10,33,5,10,35,10,188,10,74.5,5,2,37.5,9.5,10,68.5,10,37,5,10,10,62,152,B,15,88.75
226,5,10,10,39,8,40,8,33,5,6,29,9.125,151,10,64.5,5,8,33,9.125,8,56,8,37.5,5,8,8,48,116,C,9,75.53
227,5,5,8,0,8,0,0,11,0,8,0,8,168,0,45,0,8,15,0,0,0,0,0,0,0,0,0,0,F,15,28.9
228,5,0,10,39,6,18,10,17,5,8,23,7,151,0,28,5,6,0,8,0,14.5,10,27,0,8,6,0,0,F,15,41.15
229,0,10,10,40,10,0,10,39,5,9.5,36,10,174,10,67,5,9,19,10,9.5,76,8,33,5,8,10,57,162,B,12,81.7
230,5,10,10,40,10,40,10,40,5,10,38,10,184,10,79,5,10,40,10,10,80,10,38,5,10,10,80,195,A,2,97.4
231,5,10,10,40,10,40,10,39,5,9.5,30,9.25,174,10,71,5,9.5,39,8,10,7,10,36,5,9.5,9.75,59,167,B,23,82.08
232,5,10,9.5,40,8,0,10,32,5,1.625,23,7.625,145,0,34,0,9.5,25,9.25,10,21,9.5,0,5,1.5,0.75,5,83,F,20,50.8
233,0,10,8,40,10,40,10,40,5,10,39,9.5,188,10,68,0,9.75,35,10,10,76,10,35,5,10,10,59,176,A,16,90.6
234,5,10,10,37,2,40,8,40,5,10,35,10,171,10,76,5,10,34,10,9.5,75,10,37,5,2,8.75,64,157,B,23,88.43
235,5,10,10,38,10,40,10,40,5,8,34,10,177,10,70,5,8,38,10,8,77,10,39,5,10,10,60,167,A,23,90
236,5,10,10,40,10,40,10,40,5,10,39,10,194,10,79,5,10,40,10,10,80,10,33,5,10,10,79,187,A,12,97.1
237,5,10,8,40,10,40,8,31,0,9.5,0,7.5,180,0,73,5,0,0,9.5,0,44,0,0,0,8,2,39,158,D,11,68.75
238,0,10,8,38,9.5,37,10,35,5,10,11,10,146,10,59,5,8,23.5,8,10,62,1,34,5,1,0,17,179,C,9,75
239,5,10,10,40,10,40,9.78571,37,5,9.5,40,6,151,0,31,5,10,11,9.5,6,35,0,12,5,8.5,0.5,17,120,D,3,64.33
240,5,5,10,40,10,38,10,36,5,9.5,37,10,186,10,78.5,5,10,38,10,10,80,10,40,5,2,2,80,184,A,2,95.7
241,0,10,10,40,10,38,8,34.5,5,10,25,10,182,10,66,0,8.5,25,10,10,71,8,39,5,9.5,0,77,157,B,16,86.25
242,5,10,10,40,10,39,10,39,5,8,0,10,185,10,5,5,8,40,8,10,64,10,8,0,2,8,0,166,D,2,69.7
243,5,10,10,39,10,38,10,38,5,9,35,10,154,10,48,0,10,30,9,9.5,46,10,24,5,10,8.625,44,166,C,20,77.65
244,5,10,10,40,10,40,10,37,5,10,35,10,173,10,77.5,5,10,25,10,10,31,9.5,37,5,9.5,2,27,175,B,15,81.75
245,5,10,10,40,10,40,10,20,5,9.125,28,9.5,176,10,51,0,9.5,20,10,9.5,57,10,33,5,9.5,1,45,146,C,16,76.95
246,5,10,8,10,9,39,7.5,32,5,8.25,32,10,147,10,75,5,9.5,31,9.75,9.5,47,10,36,0,9,10,63,148,C,16,77.18
247,5,10,10,38,9.75,39,10,40,5,9,34.5,7.5,177,10,66,5,9,20,10,9.5,25,1.5,38,0,10,10,77,171,B,10,83.88
248,5,5,10,40,10,40,10,39,5,10,38,10,180,10,60,5,9.25,27,8,9.5,63,10,26,5,10,0,30,139,B,11,80.08
249,5,10,10,40,10,38,10,40,5,10,39.5,10,188,10,70,5,10,40,10,10,80,10,40,5,8,8,80,190,A,10,96.55
250,5,10,10,38,10,37,10,30,5,9.25,29.5,9,113,10,66,5,8.75,35,8,10,56,10,38,5,8,9.75,67,114,C,22,74.15
251,5,10,10,40,10,40,8,40,5,8,0,10,186,10,80,5,2,39,8,9,78,9.5,32,5,0,0.25,60,158,B,2,86.55
252,0,10,8,40,10,40,10,40,0,8,37,1.75,142,0,23,0,0,0,8,8,51,9,6,0,8,0,20,117,F,12,59.68
253,5,10,10,40,9.75,40,10,39,5,8,33,10,178,10,74,0,0,39,8,10,69,10,37,5,8,0,68,176,A,20,90.38
254,0,10,10,0,10,0,10,33,5,10,29.5,1.75,172,10,64,0,10,35,8,10,78,9.5,38,5,10,9.875,75,193,B,5,82.74
255,5,10,10,40,10,37,10,28.5,5,1.25,21,8,117,10,32,5,1,5,9.75,9,29,10,5,5,10,8,10,120,F,11,56.13
256,5,10,9,10,9.75,40,9,30,5,9.875,40,10,121,10,58,5,9.5,33,8.75,8.5,80,10,38,5,10,10,26,108,C,16,70.21
257,5,10,10,40,10,40,10,33,5,7,36,8,166,5,65,5,9,31,8,10,44,10,25,0,8,6,28,118,C,20,73.4
258,5,10,10,40,10,40,10,38,5,10,33,10,175,10,76,5,2,40,10,2,79,10,38,5,10,2,80,169,A,22,92.8
259,0,5,0,39.5,8,14.5,8,33,5,6,31,9.5,180,10,73,5,9.5,17,1.25,8,46,8,30,5,0,9.5,23,167,C,9,75.05
260,5,10,10,40,10,40,10,40,5,9.5,40,9.75,177,10,79,5,10,40,10,10,80,9.5,40,5,10,10,79,152,A,2,92.7
261,5,5,10,40,10,40,10,39,5,10,19.5,9.5,196,10,71,5,10,37,10,10,78,9.5,31,0,10,10,71,198,A,10,93.55
262,5,10,10,40,10,40,10,39,5,10,37,8.625,180,0,0,5,9.25,20,9.5,8,0,8,22,0,8,6,0,161,D,22,64.74
263,5,0,8,40,10,39,8,40,0,10,0,10,173,10,69,5,8,27,0,10,62,9.5,27,5,8,0,39,156,C,23,77.85
264,0,10,10,40,10,39,10,38,0,10,32.5,8,182,10,69,0,9,28,2,0,63,1,0,0,0,0,0,183,C,22,75.45
